1,1,1,1,insSection
1,2141,124124,115134,insSection
qwrqwr,qwwrqwwr,gagdag,passasa,insSection
1,name,email,pass,insSection
1,name1,email1,pass,insSection
1,name2,email2,pass,insSection
sid,sName,sEmail,pass,insSection
dId,dName,dEmail,pass,insSection
mID,mName,mEmail,pass,insSection
10,ant,mon,Mon,insSection
010,mark,lolz,lol,insSection
01010,lao,poop,pop,insSection
01019,lao,poope,pop,insSection
123,123,mao,mao,insSection
1233,123,maoA,mao,insSection
12331,123,maoAb,mao,insSection
10101010,kam,poop1,poop,insSection
1010102,ka,lol1,Lol,insSection
12333,a,laod,mona,insSection
12333123,a,laodd,monaa,insSection
123412,Mo,kalsa,mons,insSection
1231231211,ma,askdnakjsnd,moasd,insSection
1233122,ant,monadsa,monaa,insSection
12331222,ant,monadsa@asdasd,monaa,insSection
123312222,antttt,monadsa@asdasda2,monaa,insSection
1211111,qsd,asd,asd,insSection
1211111aa,qsd,aasd@live.ca,asd,insSection
911,ad,ad,ad,insSection